,Date,HomeTeam,AwayTeam,FTHG,FTAG,FTR,HTHG,HTAG,RES,HTGS,ATGS,HTGC,ATGC,HHGS,AHGS,HHGC,AHGC,HTP,ATP,HM1,AM1,HM2,AM2,HM3,AM3,HM4,AM4,HM5,AM5,MW
0,2024-08-17,Genoa,Inter,2.0,2.0,D,1.0,1.0,D,0.0,0.0,0.0,0.0,0.0,0.0,0.0,0.0,0,0,M,M,M,M,M,M,M,M,M,M,1
1,2024-08-17,Parma,Fiorentina,1.0,1.0,D,1.0,0.0,H,0.0,0.0,0.0,0.0,0.0,0.0,0.0,0.0,0,0,M,M,M,M,M,M,M,M,M,M,1
2,2024-08-17,Empoli,Monza,0.0,0.0,D,0.0,0.0,D,0.0,0.0,0.0,0.0,0.0,0.0,0.0,0.0,0,0,M,M,M,M,M,M,M,M,M,M,1
3,2024-08-17,Milan,Torino,2.0,2.0,D,0.0,1.0,A,0.0,0.0,0.0,0.0,0.0,0.0,0.0,0.0,0,0,M,M,M,M,M,M,M,M,M,M,1
4,2024-08-18,Bologna,Udinese,1.0,1.0,D,0.0,0.0,D,0.0,0.0,0.0,0.0,0.0,0.0,0.0,0.0,0,0,M,M,M,M,M,M,M,M,M,M,1
5,2024-08-18,Verona,Napoli,3.0,0.0,H,0.0,0.0,D,0.0,0.0,0.0,0.0,0.0,0.0,0.0,0.0,0,0,M,M,M,M,M,M,M,M,M,M,1
6,2024-08-18,Cagliari,Roma,0.0,0.0,D,0.0,0.0,D,0.0,0.0,0.0,0.0,0.0,0.0,0.0,0.0,0,0,M,M,M,M,M,M,M,M,M,M,1
7,2024-08-18,Lazio,Venezia FC,3.0,1.0,H,2.0,1.0,H,0.0,0.0,0.0,0.0,0.0,0.0,0.0,0.0,0,0,M,M,M,M,M,M,M,M,M,M,1
8,2024-08-19,Lecce,Atalanta,0.0,4.0,A,0.0,2.0,A,0.0,0.0,0.0,0.0,0.0,0.0,0.0,0.0,0,0,M,M,M,M,M,M,M,M,M,M,1
9,2024-08-19,Juventus,Como 1907,3.0,0.0,H,2.0,0.0,H,0.0,0.0,0.0,0.0,0.0,0.0,0.0,0.0,0,0,M,M,M,M,M,M,M,M,M,M,1
10,2024-08-24,Parma,Milan,2.0,1.0,H,1.0,0.0,H,1.0,2.0,1.0,2.0,1.0,0.0,0.0,1.0,1,1,D,D,M,M,M,M,M,M,M,M,2
11,2024-08-24,Udinese,Lazio,2.0,1.0,H,1.0,0.0,H,1.0,3.0,1.0,1.0,0.0,2.0,0.0,1.0,1,3,D,W,M,M,M,M,M,M,M,M,2
12,2024-08-24,Inter,Lecce,2.0,0.0,H,1.0,0.0,H,2.0,0.0,2.0,4.0,1.0,0.0,1.0,2.0,1,0,D,L,M,M,M,M,M,M,M,M,2
13,2024-08-24,Monza,Genoa,0.0,1.0,A,0.0,1.0,A,0.0,2.0,0.0,2.0,0.0,1.0,0.0,1.0,1,1,D,D,M,M,M,M,M,M,M,M,2
14,2024-08-25,Fiorentina,Venezia FC,0.0,0.0,D,0.0,0.0,D,1.0,1.0,1.0,3.0,0.0,1.0,1.0,2.0,1,0,D,L,M,M,M,M,M,M,M,M,2
15,2024-08-25,Torino,Atalanta,2.0,1.0,H,1.0,1.0,D,2.0,4.0,2.0,0.0,1.0,2.0,0.0,0.0,1,3,D,W,M,M,M,M,M,M,M,M,2
16,2024-08-25,Napoli,Bologna,3.0,0.0,H,1.0,0.0,H,0.0,1.0,3.0,1.0,0.0,0.0,0.0,0.0,0,1,L,D,M,M,M,M,M,M,M,M,2
17,2024-08-25,Roma,Empoli,1.0,2.0,A,0.0,1.0,A,0.0,0.0,0.0,0.0,0.0,0.0,0.0,0.0,1,1,D,D,M,M,M,M,M,M,M,M,2
18,2024-08-26,Cagliari,Como 1907,1.0,1.0,D,1.0,0.0,H,0.0,0.0,0.0,3.0,0.0,0.0,0.0,2.0,1,0,D,L,M,M,M,M,M,M,M,M,2
19,2024-08-26,Verona,Juventus,0.0,3.0,A,0.0,2.0,A,3.0,3.0,0.0,0.0,0.0,2.0,0.0,0.0,3,3,W,W,M,M,M,M,M,M,M,M,2
20,2024-08-30,Venezia FC,Torino,0.0,1.0,A,0.0,0.0,D,1.0,4.0,3.0,3.0,1.0,2.0,2.0,1.0,1,4,D,W,L,D,M,M,M,M,M,M,3
21,2024-08-30,Inter,Atalanta,4.0,0.0,H,2.0,0.0,H,4.0,5.0,2.0,2.0,2.0,3.0,1.0,1.0,4,3,W,L,D,W,M,M,M,M,M,M,3
22,2024-08-31,Bologna,Empoli,1.0,1.0,D,1.0,1.0,D,1.0,2.0,4.0,1.0,0.0,1.0,1.0,0.0,1,4,L,W,D,D,M,M,M,M,M,M,3
23,2024-08-31,Lecce,Cagliari,1.0,0.0,H,1.0,0.0,H,0.0,1.0,6.0,1.0,0.0,1.0,3.0,0.0,0,2,L,D,L,D,M,M,M,M,M,M,3
24,2024-08-31,Lazio,Milan,2.0,2.0,D,0.0,1.0,A,4.0,3.0,3.0,4.0,2.0,0.0,2.0,2.0,3,1,L,L,W,D,M,M,M,M,M,M,3
25,2024-08-31,Napoli,Parma,2.0,1.0,H,0.0,1.0,A,3.0,3.0,3.0,2.0,1.0,2.0,0.0,0.0,3,4,W,W,L,D,M,M,M,M,M,M,3
26,2024-09-01,Fiorentina,Monza,2.0,2.0,D,1.0,2.0,A,1.0,0.0,1.0,1.0,0.0,0.0,1.0,1.0,2,1,D,L,D,D,M,M,M,M,M,M,3
27,2024-09-01,Genoa,Verona,0.0,2.0,A,0.0,0.0,D,3.0,3.0,2.0,3.0,2.0,0.0,1.0,2.0,4,3,W,L,D,W,M,M,M,M,M,M,3
28,2024-09-01,Juventus,Roma,0.0,0.0,D,0.0,0.0,D,6.0,1.0,0.0,2.0,4.0,0.0,0.0,1.0,6,1,W,L,W,D,M,M,M,M,M,M,3
29,2024-09-01,Udinese,Como 1907,1.0,0.0,H,1.0,0.0,H,3.0,1.0,2.0,4.0,1.0,0.0,0.0,3.0,4,1,W,D,D,L,M,M,M,M,M,M,3
30,2024-09-14,Como 1907,Bologna,2.0,2.0,D,1.0,0.0,H,1.0,2.0,5.0,5.0,0.0,1.0,4.0,2.0,1,2,L,D,D,L,L,D,M,M,M,M,4
31,2024-09-14,Empoli,Juventus,0.0,0.0,D,0.0,0.0,D,3.0,6.0,2.0,0.0,2.0,4.0,1.0,0.0,5,7,D,D,W,W,D,W,M,M,M,M,4
32,2024-09-14,Milan,Venezia FC,4.0,0.0,H,4.0,0.0,H,5.0,1.0,6.0,4.0,1.0,1.0,2.0,2.0,2,1,D,L,L,D,D,L,M,M,M,M,4
33,2024-09-15,Genoa,Roma,1.0,1.0,D,0.0,1.0,A,3.0,1.0,4.0,2.0,2.0,0.0,1.0,1.0,4,2,L,D,W,L,D,D,M,M,M,M,4
34,2024-09-15,Atalanta,Fiorentina,3.0,2.0,H,3.0,2.0,H,5.0,3.0,6.0,3.0,3.0,1.0,3.0,3.0,3,3,L,D,L,D,W,D,M,M,M,M,4
35,2024-09-15,Torino,Lecce,0.0,0.0,D,0.0,0.0,D,5.0,1.0,3.0,6.0,2.0,1.0,1.0,3.0,7,3,W,W,W,L,D,L,M,M,M,M,4
36,2024-09-15,Cagliari,Napoli,0.0,4.0,A,0.0,1.0,A,1.0,5.0,2.0,4.0,1.0,1.0,1.0,1.0,2,6,L,W,D,W,D,L,M,M,M,M,4
37,2024-09-15,Monza,Inter,1.0,1.0,D,0.0,0.0,D,2.0,8.0,3.0,2.0,2.0,4.0,2.0,1.0,2,7,D,W,L,W,D,D,M,M,M,M,4
38,2024-09-16,Parma,Udinese,2.0,3.0,A,2.0,0.0,H,4.0,4.0,4.0,2.0,3.0,2.0,0.0,0.0,4,7,L,W,W,W,D,D,M,M,M,M,4
39,2024-09-16,Lazio,Verona,2.0,1.0,H,2.0,1.0,H,6.0,5.0,5.0,3.0,2.0,0.0,3.0,2.0,4,6,D,W,L,L,W,W,M,M,M,M,4
40,2024-09-20,Cagliari,Empoli,0.0,2.0,A,0.0,1.0,A,1.0,3.0,6.0,2.0,1.0,2.0,2.0,1.0,2,6,L,D,L,D,D,W,D,D,M,M,5
41,2024-09-20,Verona,Torino,2.0,3.0,A,1.0,2.0,A,6.0,5.0,5.0,3.0,1.0,2.0,4.0,1.0,6,8,L,D,W,W,L,W,W,D,M,M,5
42,2024-09-21,Venezia FC,Genoa,2.0,0.0,H,0.0,0.0,D,1.0,4.0,8.0,5.0,1.0,2.0,6.0,2.0,1,5,L,D,L,L,D,W,L,D,M,M,5
43,2024-09-21,Juventus,Napoli,0.0,0.0,D,0.0,0.0,D,6.0,9.0,0.0,4.0,4.0,2.0,0.0,1.0,8,9,D,W,D,W,W,W,W,L,M,M,5
44,2024-09-21,Lecce,Parma,2.0,2.0,D,1.0,0.0,H,1.0,6.0,6.0,7.0,1.0,5.0,3.0,0.0,4,4,D,L,W,L,L,W,L,D,M,M,5
45,2024-09-22,Fiorentina,Lazio,2.0,1.0,H,0.0,1.0,A,5.0,8.0,6.0,6.0,3.0,4.0,6.0,4.0,3,7,L,W,D,D,D,L,D,W,M,M,5
46,2024-09-22,Monza,Bologna,1.0,2.0,A,1.0,1.0,D,3.0,4.0,4.0,7.0,2.0,1.0,2.0,3.0,3,3,D,D,D,D,L,L,D,D,M,M,5
47,2024-09-22,Roma,Udinese,3.0,0.0,H,1.0,0.0,H,2.0,7.0,3.0,4.0,1.0,2.0,1.0,2.0,3,10,D,W,D,W,L,W,D,D,M,M,5
48,2024-09-22,Inter,Milan,1.0,2.0,A,1.0,1.0,D,9.0,9.0,3.0,6.0,4.0,5.0,1.0,2.0,8,5,D,W,W,D,W,L,D,D,M,M,5
49,2024-09-24,Atalanta,Como 1907,2.0,3.0,A,1.0,0.0,H,8.0,3.0,8.0,7.0,6.0,1.0,5.0,4.0,6,2,W,D,L,L,L,D,W,L,M,M,5
50,2024-09-27,Milan,Lecce,3.0,0.0,H,3.0,0.0,H,11.0,3.0,7.0,8.0,6.0,2.0,3.0,3.0,8,5,W,D,W,D,D,W,L,L,D,L,6
51,2024-09-28,Udinese,Inter,2.0,3.0,A,1.0,2.0,A,7.0,10.0,7.0,5.0,2.0,5.0,3.0,2.0,10,8,L,L,W,D,W,W,W,W,D,D,6
52,2024-09-28,Genoa,Juventus,0.0,3.0,A,0.0,0.0,D,4.0,6.0,7.0,0.0,2.0,4.0,2.0,0.0,5,9,L,D,D,D,L,D,W,W,D,W,6
53,2024-09-28,Bologna,Atalanta,1.0,1.0,D,0.0,0.0,D,6.0,10.0,8.0,11.0,2.0,7.0,4.0,5.0,6,6,W,L,D,W,D,L,L,L,D,W,6
54,2024-09-29,Torino,Lazio,2.0,3.0,A,0.0,1.0,A,8.0,9.0,5.0,8.0,4.0,5.0,2.0,4.0,11,7,W,L,D,W,W,D,W,L,D,W,6
55,2024-09-29,Como 1907,Verona,3.0,2.0,H,1.0,0.0,H,6.0,8.0,9.0,8.0,1.0,2.0,5.0,6.0,5,6,W,L,D,L,L,W,D,L,L,W,6
56,2024-09-29,Roma,Venezia FC,2.0,1.0,H,0.0,1.0,A,5.0,3.0,3.0,8.0,2.0,1.0,1.0,6.0,6,4,W,W,D,L,D,L,L,D,D,L,6
57,2024-09-29,Empoli,Fiorentina,0.0,0.0,D,0.0,0.0,D,5.0,7.0,2.0,7.0,3.0,3.0,1.0,7.0,9,6,W,W,D,L,D,D,W,D,D,D,6
58,2024-09-29,Napoli,Monza,2.0,0.0,H,2.0,0.0,H,9.0,4.0,4.0,6.0,2.0,3.0,1.0,3.0,10,3,D,L,W,D,W,D,W,L,L,D,6
59,2024-09-30,Parma,Cagliari,2.0,3.0,A,0.0,1.0,A,8.0,1.0,9.0,8.0,5.0,1.0,1.0,3.0,5,2,D,L,L,L,L,L,W,D,D,D,6
60,2024-10-04,Napoli,Como 1907,3.0,1.0,H,1.0,1.0,D,11.0,9.0,4.0,11.0,4.0,2.0,1.0,5.0,13,8,W,W,D,W,W,D,W,L,W,D,7
61,2024-10-04,Verona,Venezia FC,2.0,1.0,H,1.0,1.0,D,10.0,4.0,11.0,10.0,2.0,2.0,7.0,6.0,6,4,L,L,L,W,L,L,W,L,L,D,7
62,2024-10-05,Udinese,Lecce,1.0,0.0,H,0.0,0.0,D,9.0,3.0,10.0,11.0,3.0,2.0,5.0,6.0,10,5,L,L,L,D,W,D,W,W,W,L,7
63,2024-10-05,Atalanta,Genoa,5.0,1.0,H,1.0,0.0,H,11.0,4.0,12.0,10.0,7.0,2.0,5.0,2.0,7,5,D,L,L,L,W,D,L,L,L,W,7
64,2024-10-05,Inter,Torino,3.0,2.0,H,2.0,1.0,H,13.0,10.0,7.0,8.0,7.0,4.0,3.0,3.0,11,11,W,L,L,W,D,D,W,W,W,W,7
65,2024-10-06,Juventus,Cagliari,1.0,1.0,D,1.0,0.0,H,9.0,4.0,0.0,10.0,4.0,2.0,0.0,3.0,12,5,W,W,D,L,D,L,D,L,W,D,7
66,2024-10-06,Bologna,Parma,0.0,0.0,D,0.0,0.0,D,7.0,10.0,9.0,12.0,2.0,5.0,4.0,2.0,7,5,D,L,W,D,D,L,D,L,L,W,7
67,2024-10-06,Lazio,Empoli,2.0,1.0,H,1.0,1.0,D,12.0,5.0,10.0,2.0,6.0,3.0,4.0,1.0,10,10,W,D,L,W,W,D,D,D,L,W,7
68,2024-10-06,Monza,Roma,1.0,1.0,D,0.0,0.0,D,4.0,7.0,8.0,4.0,3.0,2.0,5.0,2.0,3,9,L,W,L,W,D,D,D,D,L,L,7
69,2024-10-06,Fiorentina,Milan,2.0,1.0,H,1.0,0.0,H,7.0,14.0,7.0,7.0,3.0,9.0,7.0,3.0,7,11,D,W,W,W,L,W,D,D,D,L,7
70,2024-10-19,Como 1907,Parma,1.0,1.0,D,1.0,1.0,D,10.0,10.0,14.0,12.0,3.0,5.0,6.0,2.0,8,6,L,D,W,L,W,D,D,L,L,L,8
71,2024-10-19,Genoa,Bologna,2.0,2.0,D,0.0,1.0,A,5.0,7.0,15.0,9.0,2.0,2.0,3.0,4.0,5,8,L,D,L,D,L,W,D,D,L,D,8
72,2024-10-19,Milan,Udinese,1.0,0.0,H,1.0,0.0,H,15.0,10.0,9.0,10.0,9.0,3.0,4.0,5.0,11,13,L,W,W,L,W,L,W,W,D,W,8
73,2024-10-19,Juventus,Lazio,1.0,0.0,H,0.0,0.0,D,10.0,14.0,1.0,11.0,5.0,7.0,0.0,5.0,13,13,D,W,W,W,D,L,D,W,D,D,8
74,2024-10-20,Empoli,Napoli,0.0,1.0,A,0.0,0.0,D,6.0,14.0,4.0,5.0,4.0,5.0,2.0,2.0,10,16,L,W,D,W,W,D,D,W,D,W,8
75,2024-10-20,Lecce,Fiorentina,0.0,6.0,A,0.0,3.0,A,3.0,9.0,12.0,8.0,2.0,4.0,6.0,7.0,5,10,L,W,L,D,D,W,D,L,W,D,8
76,2024-10-20,Venezia FC,Atalanta,0.0,2.0,A,0.0,1.0,A,5.0,16.0,12.0,13.0,3.0,8.0,7.0,5.0,4,10,L,W,L,D,W,L,L,W,L,L,8
77,2024-10-20,Cagliari,Torino,3.0,2.0,H,1.0,1.0,D,5.0,12.0,11.0,11.0,2.0,5.0,4.0,5.0,6,11,D,L,W,L,L,W,L,D,L,W,8
78,2024-10-20,Roma,Inter,0.0,1.0,A,0.0,0.0,D,8.0,16.0,5.0,9.0,2.0,9.0,2.0,4.0,10,14,D,W,W,W,W,L,D,D,D,W,8
79,2024-10-21,Verona,Monza,0.0,3.0,A,0.0,1.0,A,12.0,5.0,12.0,9.0,3.0,3.0,8.0,5.0,9,4,W,D,L,L,L,L,L,D,W,D,8
80,2024-10-25,Udinese,Cagliari,2.0,0.0,H,1.0,0.0,H,10.0,8.0,11.0,13.0,3.0,3.0,6.0,5.0,13,9,L,W,W,D,L,W,L,L,W,L,9
81,2024-10-25,Torino,Como 1907,1.0,0.0,H,0.0,0.0,D,14.0,11.0,14.0,15.0,6.0,4.0,6.0,7.0,11,9,L,D,L,L,L,W,W,W,D,D,9
82,2024-10-26,Napoli,Lecce,1.0,0.0,H,0.0,0.0,D,15.0,3.0,5.0,18.0,5.0,2.0,2.0,9.0,19,5,W,L,W,L,W,L,D,D,W,D,9
83,2024-10-26,Atalanta,Verona,6.0,1.0,H,5.0,1.0,H,18.0,12.0,13.0,15.0,9.0,3.0,5.0,9.0,13,9,W,L,W,W,D,L,L,L,W,L,9
84,2024-10-27,Parma,Empoli,1.0,1.0,D,0.0,1.0,A,11.0,6.0,13.0,5.0,6.0,4.0,3.0,2.0,7,10,D,L,D,L,L,D,D,W,L,D,9
85,2024-10-27,Lazio,Genoa,3.0,0.0,H,1.0,0.0,H,14.0,7.0,12.0,17.0,7.0,2.0,5.0,4.0,13,6,L,D,W,L,W,L,L,L,W,D,9
86,2024-10-27,Monza,Venezia FC,2.0,2.0,D,2.0,2.0,D,8.0,5.0,9.0,14.0,4.0,3.0,5.0,8.0,7,4,W,L,D,L,L,L,L,W,D,L,9
87,2024-10-27,Inter,Juventus,4.0,4.0,D,3.0,2.0,H,17.0,11.0,9.0,1.0,9.0,5.0,4.0,0.0,17,16,W,W,W,D,W,W,L,D,D,D,9
88,2024-10-27,Fiorentina,Roma,5.0,1.0,H,3.0,1.0,H,15.0,8.0,8.0,6.0,7.0,2.0,7.0,2.0,13,10,W,L,W,D,D,W,W,W,L,D,9
89,2024-10-29,Cagliari,Bologna,0.0,2.0,A,0.0,1.0,A,8.0,9.0,13.0,11.0,3.0,3.0,5.0,4.0,9,9,W,D,D,D,W,D,L,W,L,D,9
90,2024-10-29,Lecce,Verona,1.0,0.0,H,0.0,0.0,D,3.0,13.0,19.0,21.0,2.0,4.0,9.0,14.0,5,9,L,L,L,L,L,W,L,L,D,L,10
91,2024-10-29,Milan,Napoli,0.0,2.0,A,0.0,2.0,A,16.0,16.0,11.0,5.0,10.0,5.0,6.0,2.0,14,22,L,W,W,W,L,W,W,W,W,D,10
92,2024-10-30,Empoli,Inter,0.0,3.0,A,0.0,0.0,D,7.0,21.0,6.0,13.0,5.0,12.0,2.0,6.0,11,18,D,D,L,W,L,W,D,W,W,L,10
93,2024-10-30,Venezia FC,Udinese,3.0,2.0,H,1.0,2.0,A,7.0,12.0,16.0,11.0,5.0,4.0,10.0,6.0,5,16,D,W,L,L,L,W,L,L,W,L,10
94,2024-10-30,Atalanta,Monza,2.0,0.0,H,0.0,0.0,D,24.0,10.0,14.0,11.0,14.0,6.0,6.0,7.0,16,8,W,D,W,W,W,D,D,L,L,L,10
95,2024-10-30,Juventus,Parma,2.0,2.0,D,1.0,2.0,A,15.0,12.0,5.0,14.0,7.0,6.0,3.0,4.0,17,8,D,D,W,D,D,D,W,L,D,D,10
96,2024-10-31,Genoa,Fiorentina,0.0,1.0,A,0.0,0.0,D,7.0,20.0,20.0,9.0,2.0,10.0,5.0,8.0,6,16,L,W,D,W,L,W,L,D,L,W,10
97,2024-10-31,Como 1907,Lazio,1.0,5.0,A,0.0,2.0,A,11.0,17.0,16.0,12.0,4.0,8.0,7.0,5.0,9,16,L,W,D,L,L,W,W,W,W,L,10
98,2024-10-31,Roma,Torino,1.0,0.0,H,1.0,0.0,H,9.0,15.0,11.0,14.0,3.0,6.0,5.0,6.0,10,14,L,W,L,L,D,L,W,L,W,W,10
99,2024-11-02,Bologna,Lecce,1.0,0.0,H,0.0,0.0,D,11.0,3.0,11.0,19.0,4.0,2.0,4.0,9.0,12,5,W,L,D,L,D,L,D,L,W,D,10
100,2024-11-02,Udinese,Juventus,0.0,2.0,A,0.0,2.0,A,14.0,17.0,14.0,7.0,6.0,8.0,7.0,5.0,16,18,L,D,W,D,L,W,W,D,L,W,11
101,2024-11-02,Monza,Milan,0.0,1.0,A,0.0,1.0,A,10.0,17.0,13.0,11.0,6.0,11.0,7.0,6.0,8,17,L,W,D,L,W,W,D,L,L,W,11
102,2024-11-03,Napoli,Atalanta,0.0,3.0,A,0.0,2.0,A,18.0,26.0,5.0,14.0,7.0,14.0,2.0,6.0,25,19,W,W,W,W,W,W,W,W,W,D,11
103,2024-11-03,Torino,Fiorentina,0.0,1.0,A,0.0,1.0,A,15.0,21.0,15.0,9.0,6.0,10.0,7.0,8.0,14,19,L,W,W,W,L,W,L,W,L,D,11
104,2024-11-03,Verona,Roma,3.0,2.0,H,2.0,1.0,H,13.0,10.0,22.0,11.0,4.0,4.0,14.0,5.0,9,13,L,W,L,L,L,L,W,D,L,W,11
105,2024-11-03,Inter,Venezia FC,1.0,0.0,H,0.0,0.0,D,24.0,10.0,13.0,18.0,12.0,6.0,6.0,12.0,21,8,W,W,D,D,W,L,W,L,W,L,11
106,2024-11-04,Empoli,Como 1907,1.0,0.0,H,0.0,0.0,D,7.0,12.0,9.0,21.0,5.0,4.0,2.0,9.0,11,9,L,L,D,L,L,D,L,L,D,W,11
107,2024-11-04,Parma,Genoa,0.0,1.0,A,0.0,0.0,D,14.0,7.0,16.0,21.0,8.0,2.0,5.0,5.0,9,6,D,L,D,L,D,D,D,L,L,L,11
108,2024-11-04,Lazio,Cagliari,2.0,1.0,H,1.0,1.0,D,22.0,8.0,13.0,17.0,10.0,3.0,5.0,7.0,19,9,W,L,W,L,L,W,W,D,W,W,11
109,2024-11-07,Genoa,Como 1907,1.0,1.0,D,0.0,1.0,A,7.0,12.0,21.0,21.0,2.0,4.0,5.0,9.0,6,9,L,L,L,L,D,D,L,L,L,W,11
110,2024-11-08,Lecce,Empoli,1.0,1.0,D,0.0,1.0,A,4.0,8.0,20.0,9.0,2.0,5.0,9.0,2.0,8,14,L,W,W,L,L,D,L,L,L,L,12
111,2024-11-09,Venezia FC,Parma,1.0,2.0,A,1.0,1.0,D,10.0,14.0,19.0,17.0,6.0,8.0,12.0,5.0,8,9,L,L,W,D,D,D,L,D,L,D,12
112,2024-11-09,Cagliari,Milan,3.0,3.0,D,1.0,2.0,A,9.0,20.0,19.0,14.0,4.0,13.0,8.0,7.0,9,18,L,D,L,W,L,L,W,W,D,L,12
113,2024-11-09,Juventus,Torino,2.0,0.0,H,1.0,0.0,H,19.0,15.0,7.0,16.0,10.0,6.0,5.0,8.0,21,14,W,L,D,L,D,W,W,L,D,L,12
114,2024-11-10,Atalanta,Udinese,2.0,1.0,H,0.0,1.0,A,29.0,14.0,14.0,16.0,16.0,6.0,6.0,9.0,22,16,W,L,W,L,W,W,W,L,W,W,12
115,2024-11-10,Fiorentina,Verona,3.0,1.0,H,1.0,1.0,D,22.0,16.0,9.0,24.0,11.0,6.0,8.0,15.0,22,12,W,W,W,L,W,L,W,L,W,W,12
116,2024-11-10,Roma,Bologna,2.0,3.0,A,0.0,1.0,A,12.0,15.0,14.0,13.0,5.0,5.0,7.0,4.0,13,18,L,W,W,W,L,W,L,D,D,D,12
117,2024-11-10,Monza,Lazio,0.0,1.0,A,0.0,1.0,A,10.0,24.0,14.0,14.0,6.0,11.0,8.0,6.0,8,22,L,W,L,W,D,W,W,L,D,W,12
118,2024-11-10,Inter,Napoli,1.0,1.0,D,1.0,1.0,D,25.0,18.0,13.0,8.0,12.0,7.0,6.0,4.0,24,25,W,L,W,W,D,W,W,W,W,W,12
119,2024-11-23,Verona,Inter,0.0,5.0,A,0.0,5.0,A,16.0,25.0,24.0,13.0,6.0,12.0,15.0,6.0,12,24,W,W,L,W,L,D,L,W,W,W,12
120,2024-11-23,Milan,Juventus,0.0,0.0,D,0.0,0.0,D,20.0,21.0,14.0,7.0,13.0,11.0,7.0,5.0,19,24,D,W,D,W,W,D,L,D,W,W,13
121,2024-11-23,Parma,Atalanta,1.0,3.0,A,0.0,2.0,A,16.0,31.0,18.0,15.0,9.0,16.0,6.0,7.0,12,25,W,W,L,W,D,W,D,W,D,W,13
122,2024-11-24,Genoa,Cagliari,2.0,2.0,D,1.0,1.0,D,9.0,12.0,22.0,22.0,2.0,5.0,6.0,10.0,10,10,D,D,W,L,L,L,L,L,D,W,13
123,2024-11-24,Como 1907,Fiorentina,0.0,2.0,A,0.0,1.0,A,13.0,25.0,23.0,10.0,5.0,12.0,9.0,9.0,10,25,D,W,L,W,L,W,L,W,D,W,13
124,2024-11-24,Torino,Monza,1.0,1.0,D,0.0,0.0,D,15.0,10.0,18.0,15.0,6.0,6.0,9.0,9.0,14,8,L,L,L,L,L,L,W,D,L,W,13
125,2024-11-24,Napoli,Roma,1.0,0.0,H,0.0,0.0,D,19.0,14.0,9.0,17.0,8.0,5.0,5.0,8.0,26,13,D,L,L,L,W,W,W,L,W,L,13
126,2024-11-24,Lazio,Bologna,3.0,0.0,H,0.0,0.0,D,25.0,15.0,14.0,16.0,12.0,5.0,6.0,4.0,25,18,W,L,W,W,W,W,W,W,L,D,13
127,2024-11-25,Empoli,Udinese,1.0,1.0,D,1.0,0.0,H,9.0,15.0,10.0,18.0,6.0,7.0,2.0,9.0,15,16,D,L,W,L,L,L,D,W,L,L,13
128,2024-11-25,Venezia FC,Lecce,0.0,1.0,A,0.0,0.0,D,11.0,5.0,21.0,21.0,7.0,2.0,13.0,10.0,8,9,L,D,L,L,W,W,D,L,L,L,13
129,2024-11-29,Cagliari,Verona,1.0,0.0,H,0.0,0.0,D,12.0,17.0,22.0,27.0,5.0,7.0,10.0,16.0,10,12,D,L,L,W,L,L,L,L,W,L,13
130,2024-11-30,Como 1907,Monza,1.0,1.0,D,1.0,0.0,H,13.0,11.0,25.0,16.0,5.0,6.0,10.0,9.0,10,9,L,D,D,L,L,L,L,L,L,D,14
131,2024-11-30,Milan,Empoli,3.0,0.0,H,2.0,0.0,H,23.0,10.0,14.0,11.0,15.0,7.0,7.0,2.0,22,16,W,D,D,D,D,W,W,L,L,D,14
132,2024-11-30,Bologna,Venezia FC,3.0,0.0,H,1.0,0.0,H,18.0,11.0,16.0,22.0,6.0,7.0,4.0,13.0,21,8,W,L,L,L,W,L,W,W,W,D,14
133,2024-12-01,Udinese,Genoa,0.0,2.0,A,0.0,1.0,A,16.0,11.0,19.0,24.0,7.0,3.0,10.0,7.0,17,11,D,D,L,D,L,W,L,L,W,L,14
134,2024-12-01,Parma,Lazio,3.0,1.0,H,1.0,0.0,H,17.0,28.0,21.0,14.0,9.0,12.0,8.0,6.0,12,28,L,W,W,W,L,W,D,W,D,W,14
135,2024-12-01,Torino,Napoli,0.0,1.0,A,0.0,1.0,A,16.0,20.0,19.0,9.0,6.0,8.0,9.0,5.0,15,29,D,W,L,D,L,L,L,W,W,W,14
136,2024-12-01,Lecce,Juventus,1.0,1.0,D,0.0,0.0,D,6.0,21.0,21.0,7.0,2.0,11.0,10.0,5.0,12,25,W,D,D,W,L,W,W,D,L,D,14
137,2024-12-02,Roma,Atalanta,0.0,2.0,A,0.0,0.0,D,14.0,34.0,18.0,16.0,5.0,18.0,8.0,7.0,13,28,L,W,L,W,L,W,W,W,L,W,14
138,2024-12-06,Inter,Parma,3.0,1.0,H,1.0,0.0,H,31.0,17.0,14.0,21.0,18.0,9.0,7.0,8.0,28,12,W,L,D,W,W,L,W,D,D,D,14
139,2024-12-06,Atalanta,Milan,2.0,1.0,H,1.0,1.0,D,34.0,23.0,16.0,14.0,18.0,15.0,7.0,7.0,28,22,W,W,W,D,W,D,W,W,W,L,14
140,2024-12-07,Genoa,Torino,0.0,0.0,D,0.0,0.0,D,13.0,16.0,24.0,20.0,4.0,6.0,7.0,10.0,14,15,W,L,D,D,D,L,W,L,L,L,15
141,2024-12-07,Juventus,Bologna,2.0,2.0,D,0.0,1.0,A,22.0,20.0,8.0,18.0,11.0,7.0,5.0,4.0,26,22,D,D,D,W,W,L,W,W,D,W,15
142,2024-12-07,Roma,Lecce,4.0,1.0,H,1.0,1.0,D,14.0,7.0,20.0,22.0,5.0,2.0,8.0,10.0,13,13,L,D,L,W,L,D,L,L,W,W,15
143,2024-12-08,Fiorentina,Cagliari,1.0,0.0,H,1.0,0.0,H,28.0,15.0,10.0,24.0,14.0,6.0,9.0,11.0,31,14,W,W,W,D,W,D,W,L,W,L,15
144,2024-12-08,Verona,Empoli,1.0,4.0,A,1.0,4.0,A,17.0,10.0,33.0,14.0,7.0,7.0,21.0,4.0,12,16,L,L,L,D,L,D,W,W,L,L,15
145,2024-12-08,Venezia FC,Como 1907,2.0,2.0,D,1.0,0.0,H,11.0,14.0,25.0,26.0,7.0,6.0,14.0,10.0,8,11,L,D,L,L,L,D,L,L,W,L,15
146,2024-12-08,Napoli,Lazio,0.0,1.0,A,0.0,0.0,D,21.0,29.0,9.0,17.0,9.0,12.0,5.0,7.0,32,28,W,L,W,W,D,W,L,W,W,W,15
147,2024-12-09,Monza,Udinese,1.0,2.0,A,0.0,1.0,A,12.0,16.0,17.0,21.0,6.0,7.0,10.0,11.0,10,17,D,L,D,D,L,L,L,L,L,L,15
148,2024-12-13,Empoli,Torino,0.0,1.0,A,0.0,0.0,D,10.0,16.0,14.0,20.0,7.0,6.0,4.0,10.0,16,15,L,L,D,D,D,L,W,L,L,L,15
149,2024-12-14,Cagliari,Atalanta,0.0,1.0,A,0.0,0.0,D,15.0,36.0,24.0,16.0,6.0,18.0,11.0,7.0,14,31,W,W,D,W,D,W,L,W,L,W,15
150,2024-12-14,Udinese,Napoli,1.0,3.0,A,1.0,0.0,H,18.0,21.0,22.0,10.0,8.0,9.0,11.0,5.0,20,32,W,L,L,W,D,W,L,D,L,L,16
151,2024-12-14,Juventus,Venezia FC,2.0,2.0,D,1.0,0.0,H,24.0,13.0,10.0,27.0,11.0,8.0,6.0,14.0,27,9,D,D,D,L,D,L,W,L,W,L,16
152,2024-12-15,Lecce,Monza,2.0,1.0,H,2.0,1.0,H,8.0,13.0,26.0,19.0,3.0,6.0,11.0,11.0,13,10,L,L,D,D,W,D,D,L,L,L,16
153,2024-12-15,Bologna,Fiorentina,1.0,0.0,H,0.0,0.0,D,21.0,28.0,18.0,11.0,7.0,14.0,4.0,9.0,25,31,W,L,D,W,W,W,L,W,W,W,16
154,2024-12-15,Parma,Verona,2.0,3.0,A,1.0,1.0,D,21.0,18.0,25.0,37.0,10.0,8.0,9.0,25.0,15,12,L,L,W,L,L,L,W,L,L,W,16
155,2024-12-15,Como 1907,Roma,2.0,0.0,H,0.0,0.0,D,16.0,18.0,28.0,21.0,6.0,6.0,11.0,9.0,12,16,D,W,D,L,L,L,D,L,L,L,16
156,2024-12-15,Milan,Genoa,0.0,0.0,D,0.0,0.0,D,24.0,13.0,16.0,24.0,16.0,4.0,8.0,7.0,23,15,D,D,L,W,W,D,D,D,D,W,16
157,2024-12-16,Lazio,Inter,0.0,6.0,A,0.0,2.0,A,30.0,40.0,17.0,15.0,12.0,21.0,7.0,7.0,31,34,W,W,L,W,W,W,W,D,W,W,16
158,2024-12-20,Verona,Milan,0.0,1.0,A,0.0,0.0,D,18.0,24.0,37.0,16.0,8.0,16.0,25.0,8.0,12,23,L,D,L,L,L,W,L,D,W,D,16
159,2024-12-21,Torino,Bologna,0.0,2.0,A,0.0,0.0,D,16.0,21.0,20.0,18.0,6.0,7.0,10.0,4.0,16,25,D,W,L,D,D,W,L,L,L,W,16
160,2024-12-21,Genoa,Napoli,1.0,2.0,A,0.0,2.0,A,13.0,24.0,24.0,11.0,4.0,9.0,7.0,6.0,16,35,D,W,D,L,W,W,D,W,D,D,17
161,2024-12-21,Lecce,Lazio,1.0,2.0,A,0.0,1.0,A,10.0,30.0,27.0,23.0,5.0,12.0,12.0,9.0,16,31,W,L,L,W,D,L,W,W,D,W,17
162,2024-12-22,Roma,Parma,5.0,0.0,H,2.0,0.0,H,18.0,23.0,23.0,28.0,6.0,11.0,9.0,10.0,16,15,L,L,W,L,L,W,L,L,L,W,17
163,2024-12-22,Venezia FC,Cagliari,2.0,1.0,H,1.0,0.0,H,15.0,15.0,29.0,26.0,8.0,6.0,15.0,12.0,10,14,D,L,D,L,L,W,L,D,L,D,17
164,2024-12-22,Atalanta,Empoli,3.0,2.0,H,2.0,1.0,H,39.0,14.0,17.0,16.0,19.0,11.0,8.0,5.0,37,19,W,L,W,W,W,L,W,D,W,D,17
165,2024-12-22,Monza,Juventus,1.0,2.0,A,1.0,2.0,A,14.0,26.0,21.0,12.0,7.0,12.0,13.0,6.0,10,28,L,D,L,D,D,D,D,D,L,W,17
166,2024-12-23,Fiorentina,Udinese,1.0,2.0,A,1.0,0.0,H,29.0,19.0,13.0,25.0,15.0,9.0,9.0,11.0,31,20,L,L,L,W,W,L,W,D,W,L,17
167,2024-12-23,Inter,Como 1907,2.0,0.0,H,0.0,0.0,D,42.0,18.0,15.0,28.0,21.0,6.0,7.0,11.0,37,15,W,W,W,D,W,D,W,L,D,D,17
168,2024-12-28,Empoli,Genoa,1.0,2.0,A,0.0,0.0,D,14.0,13.0,16.0,24.0,11.0,4.0,5.0,7.0,19,16,L,D,W,D,L,W,D,D,D,D,17
169,2024-12-28,Parma,Monza,2.0,1.0,H,0.0,0.0,D,23.0,14.0,28.0,21.0,11.0,7.0,10.0,13.0,15,10,L,L,L,L,W,D,L,D,W,L,17
170,2024-12-28,Cagliari,Inter,0.0,3.0,A,0.0,0.0,D,16.0,45.0,28.0,15.0,6.0,21.0,13.0,7.0,14,40,L,W,L,W,L,W,W,W,D,W,18
171,2024-12-28,Lazio,Atalanta,1.0,1.0,D,1.0,0.0,H,32.0,42.0,24.0,19.0,13.0,21.0,9.0,9.0,34,40,W,W,L,W,W,W,L,W,W,W,18
172,2024-12-29,Udinese,Torino,2.0,2.0,D,1.0,0.0,H,21.0,17.0,26.0,22.0,9.0,6.0,12.0,10.0,23,19,W,L,L,W,W,D,L,L,D,D,18
173,2024-12-29,Napoli,Venezia FC,1.0,0.0,H,0.0,0.0,D,26.0,17.0,12.0,30.0,11.0,9.0,6.0,15.0,38,13,W,W,W,D,L,D,W,L,W,L,18
174,2024-12-29,Juventus,Fiorentina,2.0,2.0,D,1.0,1.0,D,28.0,31.0,13.0,15.0,14.0,16.0,7.0,10.0,31,32,W,D,D,L,D,L,D,W,D,W,18
175,2024-12-29,Milan,Roma,1.0,1.0,D,1.0,1.0,D,26.0,23.0,17.0,23.0,17.0,8.0,9.0,9.0,27,19,D,W,W,L,D,W,L,L,W,L,18
176,2024-12-30,Como 1907,Lecce,2.0,0.0,H,0.0,0.0,D,18.0,11.0,30.0,29.0,6.0,5.0,11.0,13.0,15,16,L,L,W,W,D,L,D,D,L,W,18
177,2024-12-30,Bologna,Verona,2.0,3.0,A,1.0,2.0,A,25.0,21.0,21.0,40.0,8.0,9.0,6.0,26.0,28,15,L,L,W,W,W,L,D,L,W,L,18
178,2025-01-04,Venezia FC,Empoli,1.0,1.0,D,1.0,1.0,D,17.0,16.0,30.0,19.0,9.0,12.0,15.0,7.0,13,19,W,L,D,L,D,W,L,L,L,D,18
179,2025-01-04,Fiorentina,Napoli,0.0,3.0,A,0.0,1.0,A,31.0,26.0,15.0,12.0,16.0,11.0,10.0,6.0,32,38,D,W,L,W,L,L,W,W,W,W,18
180,2025-01-04,Verona,Udinese,0.0,0.0,D,0.0,0.0,D,24.0,23.0,42.0,28.0,11.0,10.0,27.0,12.0,18,24,W,D,L,W,W,L,L,W,L,L,19
181,2025-01-05,Monza,Cagliari,1.0,2.0,A,1.0,1.0,D,16.0,16.0,25.0,31.0,8.0,6.0,15.0,13.0,10,14,L,L,L,L,L,L,L,L,D,W,19
182,2025-01-05,Lecce,Genoa,0.0,0.0,D,0.0,0.0,D,11.0,16.0,31.0,27.0,5.0,4.0,13.0,9.0,16,19,L,W,L,L,W,D,L,D,D,W,19
183,2025-01-05,Torino,Parma,0.0,0.0,D,0.0,0.0,D,19.0,25.0,24.0,34.0,6.0,11.0,11.0,12.0,20,18,D,W,L,L,W,L,D,L,L,W,19
184,2025-01-05,Roma,Lazio,2.0,0.0,H,2.0,0.0,H,24.0,33.0,24.0,25.0,9.0,14.0,10.0,9.0,20,35,D,D,W,W,L,L,W,W,L,L,19
185,2025-01-10,Lazio,Como 1907,1.0,1.0,D,1.0,0.0,H,33.0,20.0,25.0,30.0,14.0,6.0,9.0,11.0,35,18,D,W,W,L,L,W,W,D,L,D,19
186,2025-01-11,Empoli,Lecce,1.0,3.0,A,0.0,2.0,A,17.0,11.0,21.0,31.0,12.0,5.0,7.0,13.0,19,16,L,L,L,L,L,W,W,L,L,D,19
187,2025-01-11,Udinese,Atalanta,0.0,0.0,D,0.0,0.0,D,23.0,43.0,28.0,20.0,10.0,21.0,12.0,10.0,24,41,D,D,W,W,L,W,W,W,L,W,19
188,2025-01-11,Torino,Juventus,1.0,1.0,D,1.0,1.0,D,19.0,30.0,24.0,15.0,6.0,15.0,11.0,8.0,20,32,D,D,L,W,W,D,D,D,L,D,19
189,2025-01-11,Milan,Cagliari,1.0,1.0,D,0.0,0.0,D,27.0,16.0,18.0,31.0,17.0,6.0,9.0,13.0,28,14,D,L,D,L,W,L,D,L,L,W,19
190,2025-01-12,Genoa,Parma,1.0,0.0,H,0.0,0.0,D,16.0,25.0,27.0,34.0,4.0,11.0,9.0,12.0,20,19,D,D,W,W,L,L,D,L,D,L,20
191,2025-01-12,Venezia FC,Inter,0.0,1.0,A,0.0,1.0,A,18.0,48.0,32.0,17.0,10.0,24.0,16.0,8.0,14,44,D,D,L,W,W,W,D,W,D,W,20
192,2025-01-12,Bologna,Roma,2.0,2.0,D,0.0,0.0,D,29.0,26.0,25.0,24.0,9.0,11.0,8.0,10.0,30,23,D,W,D,D,L,W,W,L,W,W,20
193,2025-01-12,Napoli,Verona,2.0,0.0,H,1.0,0.0,H,30.0,24.0,12.0,42.0,12.0,11.0,6.0,27.0,44,19,W,D,W,W,W,L,W,W,L,L,20
194,2025-01-13,Monza,Fiorentina,2.0,1.0,H,1.0,0.0,H,17.0,32.0,27.0,20.0,9.0,16.0,16.0,12.0,10,32,L,L,L,L,L,D,L,L,L,L,20
195,2025-01-14,Como 1907,Milan,1.0,2.0,A,0.0,0.0,D,21.0,29.0,31.0,19.0,6.0,17.0,12.0,9.0,19,31,D,W,W,D,L,D,W,W,D,D,20
196,2025-01-14,Atalanta,Juventus,1.0,1.0,D,0.0,0.0,D,43.0,31.0,20.0,16.0,21.0,16.0,10.0,9.0,42,33,D,D,D,D,W,W,W,D,W,D,20
197,2025-01-15,Inter,Bologna,2.0,2.0,D,2.0,1.0,H,48.0,29.0,17.0,25.0,24.0,9.0,8.0,8.0,44,30,D,D,W,D,W,L,W,W,W,W,20
198,2025-01-17,Roma,Genoa,3.0,1.0,H,1.0,1.0,D,26.0,16.0,24.0,27.0,11.0,4.0,10.0,9.0,23,20,W,D,D,W,W,L,L,D,W,D,20
199,2025-01-18,Bologna,Monza,3.0,1.0,H,2.0,1.0,H,29.0,17.0,25.0,27.0,9.0,9.0,8.0,16.0,30,10,D,L,D,L,L,L,W,L,W,L,20
200,2025-01-18,Juventus,Milan,2.0,0.0,H,0.0,0.0,D,32.0,29.0,17.0,21.0,16.0,17.0,9.0,9.0,34,31,D,L,D,W,D,D,W,D,D,W,21
201,2025-01-18,Atalanta,Napoli,2.0,3.0,A,1.0,2.0,A,44.0,32.0,21.0,12.0,21.0,13.0,10.0,6.0,43,47,D,W,D,W,D,W,W,W,W,W,21
202,2025-01-19,Fiorentina,Torino,1.0,1.0,D,1.0,0.0,H,33.0,20.0,21.0,25.0,17.0,7.0,12.0,12.0,33,22,D,D,L,D,L,D,D,L,L,W,21
203,2025-01-19,Cagliari,Lecce,4.0,1.0,H,0.0,1.0,A,19.0,14.0,33.0,32.0,7.0,7.0,14.0,13.0,18,20,D,W,W,D,L,L,L,L,L,W,21
204,2025-01-19,Parma,Venezia FC,1.0,1.0,D,0.0,1.0,A,25.0,18.0,35.0,33.0,11.0,10.0,12.0,17.0,19,14,L,L,D,D,W,L,L,W,L,D,21
205,2025-01-19,Verona,Lazio,0.0,3.0,A,0.0,2.0,A,24.0,34.0,44.0,28.0,11.0,15.0,28.0,11.0,19,36,L,D,D,L,W,D,L,W,W,L,21
206,2025-01-19,Inter,Empoli,3.0,1.0,H,0.0,0.0,D,51.0,19.0,18.0,25.0,24.0,13.0,8.0,10.0,47,20,W,L,D,D,W,L,W,L,W,L,21
207,2025-01-20,Como 1907,Udinese,4.0,1.0,H,2.0,0.0,H,22.0,23.0,33.0,28.0,6.0,10.0,12.0,12.0,19,26,L,D,D,D,W,D,L,W,W,L,21
208,2025-01-24,Torino,Cagliari,2.0,0.0,H,1.0,0.0,H,20.0,19.0,25.0,33.0,7.0,7.0,12.0,14.0,22,18,D,D,D,W,D,L,L,L,W,L,21
209,2025-01-25,Como 1907,Atalanta,1.0,2.0,A,1.0,0.0,H,22.0,44.0,33.0,21.0,6.0,21.0,12.0,10.0,19,43,L,D,D,D,W,D,L,W,W,W,21
210,2025-01-25,Napoli,Juventus,2.0,1.0,H,0.0,1.0,A,35.0,34.0,14.0,17.0,15.0,16.0,7.0,9.0,50,37,W,W,W,D,W,D,W,D,W,W,22
211,2025-01-25,Empoli,Bologna,1.0,1.0,D,1.0,1.0,D,20.0,33.0,28.0,27.0,13.0,12.0,10.0,10.0,20,34,L,D,L,W,D,D,L,D,L,L,22
212,2025-01-26,Milan,Parma,3.0,2.0,H,1.0,1.0,D,32.0,26.0,23.0,36.0,18.0,11.0,10.0,13.0,34,20,W,D,L,L,W,D,D,W,D,L,22
213,2025-01-26,Udinese,Roma,1.0,2.0,A,1.0,0.0,H,24.0,31.0,32.0,27.0,10.0,12.0,14.0,11.0,26,27,L,W,D,D,D,W,D,D,W,W,22
214,2025-01-26,Lecce,Inter,0.0,4.0,A,0.0,2.0,A,15.0,55.0,36.0,18.0,8.0,26.0,13.0,8.0,20,50,L,W,W,W,D,D,L,W,L,W,22
215,2025-01-26,Lazio,Fiorentina,1.0,2.0,A,0.0,2.0,A,37.0,35.0,28.0,22.0,17.0,19.0,11.0,12.0,39,36,W,W,D,D,L,L,D,L,W,D,22
216,2025-01-27,Venezia FC,Verona,1.0,1.0,D,1.0,0.0,H,19.0,24.0,34.0,47.0,11.0,11.0,17.0,30.0,15,19,D,L,L,L,D,D,L,W,W,L,22
217,2025-01-27,Genoa,Monza,2.0,0.0,H,0.0,0.0,D,18.0,20.0,30.0,31.0,5.0,11.0,10.0,18.0,23,13,L,L,W,W,D,L,W,L,L,L,22
218,2025-01-31,Parma,Lecce,1.0,3.0,A,1.0,1.0,D,26.0,15.0,36.0,36.0,11.0,8.0,13.0,13.0,20,20,D,L,L,W,D,D,W,L,L,L,22
219,2025-02-01,Monza,Verona,0.0,1.0,A,0.0,1.0,A,20.0,24.0,31.0,47.0,11.0,11.0,18.0,30.0,13,19,L,L,W,L,L,D,L,W,L,L,22
220,2025-02-01,Udinese,Venezia FC,3.0,2.0,H,0.0,0.0,D,25.0,20.0,34.0,35.0,11.0,12.0,14.0,17.0,26,16,L,D,L,D,D,L,D,D,D,L,23
221,2025-02-01,Atalanta,Torino,1.0,1.0,D,1.0,1.0,D,48.0,23.0,25.0,26.0,22.0,8.0,13.0,13.0,46,26,W,W,L,D,D,D,D,D,D,D,23
222,2025-02-01,Bologna,Como 1907,2.0,0.0,H,1.0,0.0,H,35.0,27.0,27.0,36.0,13.0,9.0,10.0,12.0,37,22,W,L,D,W,W,L,D,D,D,W,23
223,2025-02-02,Juventus,Empoli,4.0,1.0,H,0.0,1.0,A,35.0,21.0,19.0,29.0,17.0,14.0,9.0,11.0,37,21,L,D,W,L,D,L,D,D,D,L,23
224,2025-02-02,Fiorentina,Genoa,2.0,1.0,H,2.0,0.0,H,37.0,20.0,23.0,30.0,21.0,5.0,12.0,10.0,39,26,W,W,W,L,D,W,L,D,L,W,23
225,2025-02-02,Milan,Inter,1.0,1.0,D,1.0,0.0,H,33.0,56.0,24.0,19.0,19.0,26.0,10.0,9.0,35,51,D,D,W,W,L,W,W,D,D,W,23
226,2025-02-02,Roma,Napoli,1.0,1.0,D,0.0,1.0,A,33.0,37.0,28.0,15.0,12.0,15.0,12.0,8.0,30,53,W,W,W,W,D,W,W,W,D,W,23
227,2025-02-03,Cagliari,Lazio,1.0,2.0,A,0.0,1.0,A,23.0,38.0,36.0,30.0,7.0,17.0,16.0,13.0,21,39,L,L,W,W,D,D,W,L,L,D,23
228,2025-02-06,Fiorentina,Inter,3.0,0.0,H,3.0,0.0,H,37.0,56.0,23.0,19.0,21.0,26.0,12.0,9.0,39,51,W,D,W,W,D,W,L,D,L,W,23
229,2025-02-07,Como 1907,Juventus,1.0,2.0,A,1.0,1.0,D,27.0,35.0,36.0,19.0,9.0,17.0,12.0,9.0,22,37,L,L,W,W,L,D,D,D,W,D,23
230,2025-02-08,Verona,Atalanta,0.0,5.0,A,0.0,4.0,A,26.0,49.0,48.0,26.0,12.0,23.0,31.0,14.0,23,47,W,D,D,W,L,L,L,D,D,D,24
231,2025-02-08,Empoli,Milan,0.0,2.0,A,0.0,0.0,D,22.0,35.0,33.0,24.0,15.0,19.0,11.0,10.0,21,38,L,W,D,D,L,W,L,L,D,W,24
232,2025-02-08,Torino,Genoa,1.0,1.0,D,1.0,0.0,H,24.0,21.0,27.0,32.0,9.0,5.0,14.0,12.0,27,26,D,L,W,W,D,L,D,W,D,D,24
233,2025-02-09,Venezia FC,Roma,0.0,1.0,A,0.0,0.0,D,22.0,34.0,38.0,29.0,12.0,12.0,17.0,13.0,16,31,L,D,D,W,D,W,L,D,D,W,24
234,2025-02-09,Cagliari,Parma,2.0,1.0,H,0.0,0.0,D,24.0,29.0,38.0,42.0,7.0,13.0,17.0,15.0,21,20,L,L,L,L,W,D,D,L,W,D,24
235,2025-02-09,Lazio,Monza,5.0,1.0,H,1.0,0.0,H,40.0,20.0,31.0,34.0,18.0,11.0,13.0,19.0,42,13,W,L,L,L,W,L,D,W,L,L,24
236,2025-02-09,Lecce,Bologna,0.0,0.0,D,0.0,0.0,D,18.0,35.0,41.0,27.0,9.0,13.0,16.0,10.0,23,38,W,D,L,W,L,D,W,W,D,D,24
237,2025-02-09,Napoli,Udinese,1.0,1.0,D,1.0,1.0,D,38.0,28.0,16.0,36.0,16.0,11.0,8.0,14.0,54,29,D,W,W,L,W,L,W,D,W,D,24
238,2025-02-10,Inter,Fiorentina,2.0,1.0,H,1.0,1.0,D,56.0,40.0,22.0,23.0,26.0,24.0,12.0,12.0,51,42,L,W,D,W,W,W,W,D,D,L,24
239,2025-02-14,Bologna,Torino,3.0,2.0,H,1.0,1.0,D,35.0,24.0,27.0,27.0,13.0,9.0,10.0,14.0,38,27,D,D,W,W,D,D,W,D,D,D,24
240,2025-02-15,Atalanta,Cagliari,0.0,0.0,D,0.0,0.0,D,54.0,26.0,26.0,39.0,27.0,7.0,14.0,17.0,50,24,W,W,D,L,W,L,L,W,D,D,25
241,2025-02-15,Lazio,Napoli,2.0,2.0,D,1.0,1.0,D,45.0,39.0,32.0,17.0,19.0,17.0,13.0,9.0,45,55,W,D,W,D,L,W,W,W,D,W,25
242,2025-02-15,Milan,Verona,1.0,0.0,H,0.0,0.0,D,36.0,26.0,24.0,53.0,19.0,12.0,10.0,35.0,41,23,W,L,W,W,D,D,W,L,L,L,25
243,2025-02-16,Fiorentina,Como 1907,0.0,2.0,A,0.0,1.0,A,41.0,28.0,25.0,40.0,25.0,10.0,13.0,14.0,42,22,L,L,W,L,W,L,W,W,D,L,25
244,2025-02-16,Monza,Lecce,0.0,0.0,D,0.0,0.0,D,21.0,18.0,39.0,41.0,11.0,9.0,20.0,16.0,13,24,L,D,L,W,L,L,L,L,W,W,25
245,2025-02-16,Udinese,Empoli,3.0,0.0,H,1.0,0.0,H,29.0,22.0,37.0,35.0,12.0,15.0,15.0,11.0,30,21,D,L,W,L,L,D,L,L,D,L,25
246,2025-02-16,Parma,Roma,0.0,1.0,A,0.0,1.0,A,30.0,35.0,44.0,29.0,13.0,12.0,15.0,13.0,20,34,L,W,L,D,L,W,D,W,L,D,25
247,2025-02-16,Juventus,Inter,1.0,0.0,H,0.0,0.0,D,41.0,58.0,21.0,23.0,18.0,27.0,11.0,13.0,43,54,W,W,W,L,L,D,W,W,D,W,25
248,2025-02-17,Genoa,Venezia FC,2.0,0.0,H,0.0,0.0,D,22.0,22.0,33.0,39.0,5.0,12.0,13.0,17.0,27,16,D,L,L,L,W,D,L,D,W,L,25
249,2025-02-21,Lecce,Udinese,0.0,1.0,A,0.0,1.0,A,18.0,29.0,41.0,37.0,9.0,12.0,16.0,15.0,24,30,D,D,W,W,L,L,L,L,W,D,25
250,2025-02-22,Parma,Bologna,2.0,0.0,H,1.0,0.0,H,30.0,38.0,45.0,31.0,13.0,14.0,16.0,12.0,20,41,L,L,L,W,L,D,L,W,D,D,26
251,2025-02-22,Venezia FC,Lazio,0.0,0.0,D,0.0,0.0,D,22.0,47.0,41.0,34.0,12.0,20.0,17.0,14.0,16,46,L,D,L,W,L,W,D,L,D,W,26
252,2025-02-22,Torino,Milan,2.0,1.0,H,1.0,0.0,H,27.0,37.0,31.0,26.0,11.0,19.0,15.0,11.0,28,41,L,L,D,W,D,W,W,D,D,W,26
253,2025-02-22,Inter,Genoa,1.0,0.0,H,0.0,0.0,D,58.0,24.0,24.0,33.0,27.0,5.0,13.0,13.0,54,30,L,W,W,D,L,L,D,W,W,L,26
254,2025-02-23,Como 1907,Napoli,2.0,1.0,H,1.0,1.0,D,30.0,41.0,40.0,19.0,11.0,18.0,14.0,10.0,25,56,W,D,L,D,L,D,L,W,W,W,26
255,2025-02-23,Verona,Fiorentina,1.0,0.0,H,0.0,0.0,D,26.0,41.0,54.0,27.0,12.0,25.0,35.0,14.0,23,42,L,L,L,L,W,W,D,W,L,W,26
256,2025-02-23,Empoli,Atalanta,0.0,5.0,A,0.0,3.0,A,22.0,54.0,38.0,26.0,15.0,27.0,12.0,14.0,21,51,L,D,L,W,L,D,D,W,L,L,26
257,2025-02-23,Cagliari,Juventus,0.0,1.0,A,0.0,1.0,A,26.0,42.0,39.0,21.0,7.0,18.0,17.0,11.0,25,46,D,W,W,W,L,W,L,L,W,W,26
258,2025-02-24,Roma,Monza,4.0,0.0,H,2.0,0.0,H,36.0,21.0,29.0,39.0,13.0,11.0,13.0,20.0,37,14,W,D,W,L,D,L,W,L,W,L,26
259,2025-02-27,Bologna,Milan,2.0,1.0,H,0.0,1.0,A,38.0,37.0,31.0,26.0,14.0,19.0,12.0,11.0,41,41,L,L,W,W,D,W,W,D,D,W,26
260,2025-02-28,Fiorentina,Lecce,1.0,0.0,H,1.0,0.0,H,41.0,18.0,28.0,42.0,25.0,9.0,14.0,17.0,42,25,L,L,L,D,L,D,W,W,W,L,27
261,2025-03-01,Atalanta,Venezia FC,0.0,0.0,D,0.0,0.0,D,59.0,22.0,26.0,41.0,30.0,12.0,14.0,17.0,54,17,W,D,D,L,W,L,D,L,W,D,27
262,2025-03-01,Napoli,Inter,1.0,1.0,D,0.0,1.0,A,42.0,59.0,21.0,24.0,19.0,27.0,11.0,13.0,56,57,L,W,D,L,D,W,D,L,W,D,27
263,2025-03-01,Udinese,Parma,1.0,0.0,H,1.0,0.0,H,33.0,32.0,37.0,45.0,14.0,14.0,15.0,16.0,36,23,W,W,W,L,D,L,W,L,L,L,27
264,2025-03-02,Monza,Torino,0.0,2.0,A,0.0,1.0,A,21.0,29.0,43.0,32.0,11.0,12.0,22.0,15.0,14,31,L,W,D,L,L,D,L,D,L,W,27
265,2025-03-02,Bologna,Cagliari,2.0,1.0,H,0.0,1.0,A,40.0,26.0,32.0,40.0,14.0,7.0,13.0,18.0,44,25,W,L,L,D,W,W,D,L,W,L,27
266,2025-03-02,Genoa,Empoli,1.0,1.0,D,0.0,1.0,A,24.0,22.0,34.0,43.0,5.0,15.0,13.0,15.0,30,21,L,L,W,L,D,L,L,L,W,D,27
267,2025-03-02,Roma,Como 1907,2.0,1.0,H,0.0,1.0,A,40.0,32.0,29.0,41.0,15.0,12.0,13.0,15.0,40,28,W,W,W,W,W,L,D,L,W,L,27
268,2025-03-02,Milan,Lazio,1.0,2.0,A,0.0,1.0,A,38.0,47.0,28.0,34.0,20.0,20.0,11.0,14.0,41,47,L,D,L,D,W,W,W,W,D,L,27
269,2025-03-03,Juventus,Verona,2.0,0.0,H,0.0,0.0,D,43.0,27.0,21.0,54.0,19.0,12.0,11.0,35.0,49,26,W,W,W,L,W,L,W,W,L,D,27
270,2025-03-07,Cagliari,Genoa,1.0,1.0,D,1.0,0.0,H,27.0,25.0,42.0,35.0,8.0,5.0,18.0,14.0,25,31,L,D,L,L,D,W,W,D,L,L,28
271,2025-03-08,Como 1907,Venezia FC,1.0,1.0,D,0.0,0.0,D,33.0,22.0,43.0,41.0,13.0,12.0,15.0,17.0,28,18,L,D,W,D,W,L,L,L,L,L,28
272,2025-03-08,Parma,Torino,2.0,2.0,D,0.0,1.0,A,32.0,31.0,46.0,32.0,14.0,13.0,17.0,15.0,23,34,L,W,W,W,L,L,L,D,L,D,28
273,2025-03-08,Lecce,Milan,2.0,3.0,A,1.0,0.0,H,18.0,39.0,43.0,30.0,9.0,20.0,18.0,12.0,25,41,L,L,L,L,D,L,D,W,W,W,28
274,2025-03-08,Inter,Monza,3.0,2.0,H,1.0,2.0,A,60.0,21.0,25.0,45.0,28.0,11.0,13.0,23.0,58,14,D,L,W,L,L,D,W,L,L,L,28
275,2025-03-09,Verona,Bologna,1.0,2.0,A,0.0,1.0,A,27.0,42.0,56.0,33.0,12.0,14.0,35.0,14.0,26,47,L,W,W,W,L,L,L,W,W,D,28
276,2025-03-09,Napoli,Fiorentina,2.0,1.0,H,1.0,0.0,H,43.0,42.0,22.0,28.0,19.0,26.0,12.0,14.0,57,45,D,W,L,L,D,L,D,L,D,W,28
277,2025-03-09,Empoli,Roma,0.0,1.0,A,0.0,1.0,A,23.0,42.0,44.0,30.0,16.0,15.0,15.0,14.0,22,43,D,W,L,W,L,W,L,W,L,D,28
278,2025-03-09,Juventus,Atalanta,0.0,4.0,A,0.0,1.0,A,45.0,59.0,21.0,26.0,19.0,30.0,11.0,14.0,52,55,W,D,W,W,W,D,W,W,W,D,28
279,2025-03-10,Lazio,Udinese,1.0,1.0,D,1.0,1.0,D,49.0,34.0,35.0,37.0,21.0,15.0,14.0,15.0,50,39,W,W,D,W,D,W,W,D,W,W,28
280,2025-03-14,Genoa,Lecce,2.0,1.0,H,2.0,0.0,H,26.0,20.0,36.0,46.0,5.0,10.0,15.0,18.0,32,25,D,L,D,L,L,L,W,D,D,D,29
281,2025-03-15,Monza,Parma,1.0,1.0,D,0.0,0.0,D,23.0,34.0,48.0,48.0,13.0,14.0,24.0,18.0,14,24,L,D,L,L,L,W,D,L,L,L,29
282,2025-03-15,Udinese,Verona,0.0,1.0,A,0.0,0.0,D,35.0,28.0,38.0,58.0,16.0,12.0,16.0,36.0,40,26,D,L,W,L,W,W,W,L,D,L,29
283,2025-03-15,Milan,Como 1907,2.0,1.0,H,0.0,1.0,A,42.0,34.0,32.0,44.0,20.0,13.0,13.0,15.0,44,29,W,D,L,L,L,W,L,W,W,L,29
284,2025-03-15,Torino,Empoli,1.0,0.0,H,0.0,0.0,D,33.0,23.0,34.0,45.0,14.0,16.0,15.0,16.0,35,22,D,L,W,D,W,L,L,L,D,L,29
285,2025-03-16,Venezia FC,Napoli,0.0,0.0,D,0.0,0.0,D,23.0,45.0,42.0,23.0,12.0,20.0,17.0,12.0,19,60,D,W,D,D,D,L,L,D,L,D,29
286,2025-03-16,Bologna,Lazio,5.0,0.0,H,1.0,0.0,H,44.0,50.0,34.0,36.0,15.0,22.0,14.0,15.0,50,51,W,D,W,W,W,D,L,D,W,W,29
287,2025-03-16,Roma,Cagliari,1.0,0.0,H,0.0,0.0,D,43.0,28.0,30.0,43.0,16.0,9.0,14.0,18.0,46,26,W,D,W,L,W,L,W,D,W,W,29
288,2025-03-16,Fiorentina,Juventus,3.0,0.0,H,2.0,0.0,H,43.0,45.0,30.0,25.0,26.0,19.0,15.0,12.0,45,52,L,L,W,W,L,W,L,W,L,W,29
289,2025-03-16,Atalanta,Inter,0.0,2.0,A,0.0,0.0,D,63.0,63.0,26.0,27.0,31.0,29.0,14.0,15.0,58,61,W,W,D,D,W,W,D,L,W,W,29
290,2025-03-29,Como 1907,Empoli,1.0,1.0,D,0.0,0.0,D,35.0,23.0,46.0,46.0,14.0,16.0,15.0,16.0,29,22,L,L,D,L,L,D,W,L,W,L,30
291,2025-03-29,Venezia FC,Bologna,0.0,1.0,A,0.0,0.0,D,23.0,49.0,42.0,34.0,12.0,16.0,17.0,14.0,20,53,D,W,D,W,D,W,D,W,L,L,30
292,2025-03-29,Juventus,Genoa,1.0,0.0,H,1.0,0.0,H,45.0,28.0,28.0,37.0,19.0,7.0,14.0,15.0,52,35,L,W,L,D,W,D,W,L,W,W,30
293,2025-03-29,Lecce,Roma,0.0,1.0,A,0.0,0.0,D,21.0,44.0,48.0,30.0,10.0,16.0,20.0,14.0,25,49,L,W,L,W,L,W,L,W,D,W,30
294,2025-03-30,Cagliari,Monza,3.0,0.0,H,0.0,0.0,D,28.0,24.0,44.0,49.0,9.0,13.0,18.0,24.0,26,15,L,D,D,L,L,L,L,L,D,D,30
295,2025-03-30,Fiorentina,Atalanta,1.0,0.0,H,1.0,0.0,H,46.0,63.0,30.0,28.0,28.0,31.0,15.0,14.0,48,58,W,L,L,W,W,D,L,W,L,D,30
296,2025-03-30,Inter,Udinese,2.0,1.0,H,2.0,0.0,H,65.0,35.0,27.0,39.0,29.0,16.0,15.0,16.0,64,40,W,L,W,D,D,W,W,W,L,W,30
297,2025-03-30,Napoli,Milan,2.0,1.0,H,2.0,0.0,H,45.0,44.0,23.0,33.0,20.0,20.0,12.0,14.0,61,47,D,W,W,W,D,L,L,L,D,L,30
298,2025-03-31,Verona,Parma,0.0,0.0,D,0.0,0.0,D,29.0,35.0,58.0,49.0,12.0,14.0,36.0,18.0,29,25,W,D,L,D,L,L,W,W,L,L,30
299,2025-03-31,Lazio,Torino,1.0,1.0,D,0.0,0.0,D,50.0,34.0,41.0,34.0,22.0,14.0,16.0,15.0,51,38,L,W,D,D,W,W,D,W,D,L,30
300,2025-04-04,Genoa,Udinese,1.0,0.0,H,0.0,0.0,D,28.0,36.0,38.0,41.0,7.0,16.0,16.0,18.0,35,40,L,L,W,L,D,D,D,W,L,W,31
301,2025-04-05,Monza,Como 1907,1.0,3.0,A,1.0,2.0,A,24.0,36.0,52.0,47.0,13.0,14.0,24.0,15.0,15,30,L,D,D,L,L,D,L,L,L,W,31
302,2025-04-05,Parma,Inter,2.0,2.0,D,0.0,2.0,A,35.0,67.0,49.0,28.0,14.0,31.0,18.0,15.0,26,67,D,W,D,W,D,W,L,D,W,W,31
303,2025-04-05,Milan,Fiorentina,2.0,2.0,D,1.0,2.0,A,45.0,47.0,35.0,30.0,20.0,29.0,16.0,15.0,47,51,L,W,W,W,W,L,L,W,L,L,31
304,2025-04-06,Lecce,Venezia FC,1.0,1.0,D,0.0,0.0,D,21.0,23.0,49.0,43.0,10.0,12.0,20.0,17.0,25,20,L,L,L,D,L,D,L,D,L,D,31
305,2025-04-06,Empoli,Cagliari,0.0,0.0,D,0.0,0.0,D,24.0,31.0,47.0,44.0,16.0,9.0,16.0,18.0,23,29,D,W,L,L,L,D,D,L,L,L,31
306,2025-04-06,Torino,Verona,1.0,1.0,D,0.0,0.0,D,35.0,29.0,35.0,58.0,14.0,12.0,15.0,36.0,39,30,D,D,W,W,D,L,W,L,W,W,31
307,2025-04-06,Atalanta,Lazio,0.0,1.0,A,0.0,0.0,D,63.0,51.0,29.0,42.0,31.0,22.0,15.0,16.0,58,52,L,D,L,L,W,D,D,W,W,D,31
308,2025-04-06,Roma,Juventus,1.0,1.0,D,0.0,1.0,A,45.0,46.0,30.0,28.0,16.0,20.0,14.0,14.0,52,55,W,W,W,L,W,L,W,W,W,W,31
309,2025-04-07,Bologna,Napoli,1.0,1.0,D,0.0,1.0,A,50.0,47.0,34.0,24.0,16.0,22.0,14.0,12.0,56,64,W,W,W,D,W,W,W,D,W,L,31
310,2025-04-11,Udinese,Milan,0.0,4.0,A,0.0,2.0,A,36.0,47.0,42.0,37.0,16.0,21.0,18.0,18.0,40,48,L,D,L,L,L,W,D,W,W,L,32
311,2025-04-12,Venezia FC,Monza,1.0,0.0,H,0.0,0.0,D,24.0,25.0,44.0,55.0,12.0,14.0,17.0,26.0,21,15,D,L,L,L,D,D,D,L,D,L,32
312,2025-04-12,Inter,Cagliari,3.0,1.0,H,2.0,0.0,H,69.0,31.0,30.0,44.0,33.0,9.0,15.0,18.0,68,30,D,D,W,W,W,L,W,D,D,L,32
313,2025-04-12,Juventus,Lecce,2.0,1.0,H,2.0,0.0,H,47.0,22.0,29.0,50.0,21.0,10.0,14.0,20.0,56,26,D,D,W,L,L,L,L,L,W,L,32
314,2025-04-13,Atalanta,Bologna,2.0,0.0,H,2.0,0.0,H,63.0,51.0,30.0,35.0,31.0,16.0,15.0,15.0,58,57,L,D,L,W,L,W,W,W,D,W,32
315,2025-04-13,Fiorentina,Parma,0.0,0.0,D,0.0,0.0,D,49.0,37.0,32.0,51.0,31.0,14.0,16.0,20.0,52,27,D,D,W,D,W,D,L,D,W,L,32
316,2025-04-13,Verona,Genoa,0.0,0.0,D,0.0,0.0,D,30.0,29.0,59.0,38.0,12.0,7.0,36.0,16.0,31,38,D,W,D,L,W,W,L,D,L,D,32
317,2025-04-13,Como 1907,Torino,1.0,0.0,H,1.0,0.0,H,39.0,36.0,48.0,36.0,16.0,14.0,16.0,15.0,33,40,W,D,D,D,L,W,D,D,L,W,32
318,2025-04-13,Lazio,Roma,1.0,1.0,D,0.0,0.0,D,52.0,46.0,42.0,31.0,22.0,16.0,16.0,15.0,55,53,W,D,D,W,L,W,D,W,W,W,32
319,2025-04-14,Napoli,Empoli,3.0,0.0,H,1.0,0.0,H,48.0,24.0,25.0,47.0,23.0,16.0,12.0,16.0,65,24,D,D,W,D,D,L,W,L,D,D,32
320,2025-04-19,Lecce,Como 1907,0.0,3.0,A,0.0,1.0,A,23.0,40.0,52.0,48.0,10.0,17.0,22.0,16.0,26,36,L,W,D,W,L,D,L,L,L,D,33
321,2025-04-19,Monza,Napoli,0.0,1.0,A,0.0,0.0,D,25.0,51.0,56.0,25.0,14.0,24.0,26.0,12.0,15,68,L,W,L,D,L,W,D,D,L,W,33
322,2025-04-19,Roma,Verona,1.0,0.0,H,1.0,0.0,H,47.0,30.0,32.0,59.0,16.0,12.0,15.0,36.0,54,32,D,D,D,D,W,D,W,W,W,L,33
323,2025-04-20,Empoli,Venezia FC,2.0,2.0,D,0.0,0.0,D,24.0,25.0,50.0,44.0,16.0,12.0,17.0,17.0,24,24,L,W,D,D,D,L,L,D,L,D,33
324,2025-04-20,Bologna,Inter,1.0,0.0,H,0.0,0.0,D,51.0,72.0,37.0,31.0,16.0,35.0,17.0,15.0,57,71,L,W,D,D,W,W,W,W,W,W,33
325,2025-04-20,Milan,Atalanta,0.0,1.0,A,0.0,0.0,D,51.0,65.0,37.0,30.0,23.0,33.0,18.0,15.0,51,61,W,W,D,L,L,L,W,L,W,W,33
326,2025-04-23,Cagliari,Fiorentina,1.0,2.0,A,1.0,1.0,D,32.0,49.0,47.0,32.0,9.0,31.0,20.0,16.0,30,53,L,D,D,D,W,W,L,W,D,L,33
327,2025-04-23,Genoa,Lazio,0.0,2.0,A,0.0,1.0,A,29.0,53.0,38.0,43.0,7.0,22.0,16.0,16.0,39,56,D,D,W,W,L,D,W,L,D,D,33
328,2025-04-23,Parma,Juventus,1.0,0.0,H,1.0,0.0,H,37.0,49.0,51.0,30.0,14.0,23.0,20.0,14.0,28,59,D,W,D,D,D,W,D,L,D,L,33
329,2025-04-23,Torino,Udinese,2.0,0.0,H,1.0,0.0,H,36.0,36.0,37.0,46.0,14.0,16.0,16.0,20.0,40,40,L,L,D,L,D,L,W,L,D,D,33
330,2025-04-27,Como 1907,Genoa,1.0,0.0,H,0.0,0.0,D,43.0,29.0,48.0,40.0,18.0,7.0,16.0,17.0,39,39,W,L,W,D,W,W,D,L,L,W,34
331,2025-04-27,Venezia FC,Milan,0.0,2.0,A,0.0,1.0,A,27.0,51.0,46.0,38.0,12.0,23.0,17.0,18.0,25,51,D,L,W,W,D,D,L,L,D,W,34
332,2025-04-27,Fiorentina,Empoli,2.0,1.0,H,2.0,0.0,H,51.0,26.0,33.0,52.0,32.0,16.0,17.0,17.0,56,25,W,D,D,L,D,D,W,D,W,L,34
333,2025-04-27,Inter,Roma,0.0,1.0,A,0.0,1.0,A,72.0,48.0,32.0,32.0,35.0,17.0,15.0,15.0,71,57,L,W,W,D,D,D,W,W,W,W,34
334,2025-04-27,Juventus,Monza,2.0,0.0,H,2.0,0.0,H,49.0,25.0,31.0,57.0,23.0,14.0,15.0,26.0,59,15,L,L,W,L,D,L,W,L,L,D,34
335,2025-04-27,Atalanta,Lecce,1.0,1.0,D,0.0,1.0,A,66.0,23.0,30.0,55.0,33.0,10.0,15.0,23.0,64,26,W,L,W,L,L,D,L,L,L,L,34
336,2025-04-27,Napoli,Torino,2.0,0.0,H,2.0,0.0,H,52.0,38.0,25.0,37.0,24.0,15.0,12.0,16.0,71,43,W,W,W,L,D,D,W,D,D,W,34
337,2025-04-28,Udinese,Bologna,0.0,0.0,D,0.0,0.0,D,36.0,52.0,48.0,37.0,16.0,16.0,21.0,17.0,40,60,L,W,L,L,L,D,L,W,L,W,34
338,2025-04-28,Verona,Cagliari,0.0,2.0,A,0.0,1.0,A,30.0,33.0,60.0,49.0,12.0,10.0,37.0,21.0,32,30,L,L,D,L,D,D,D,W,W,L,34
339,2025-04-28,Lazio,Parma,2.0,2.0,D,0.0,1.0,A,55.0,38.0,43.0,51.0,23.0,15.0,16.0,20.0,59,31,W,W,D,D,W,D,D,D,L,D,34
340,2025-05-02,Torino,Venezia FC,1.0,1.0,D,0.0,1.0,A,38.0,27.0,39.0,48.0,15.0,12.0,18.0,18.0,43,25,L,L,W,D,L,W,D,D,D,L,35
341,2025-05-03,Cagliari,Udinese,1.0,2.0,A,1.0,1.0,D,35.0,36.0,49.0,48.0,11.0,16.0,21.0,21.0,33,41,W,D,L,L,L,L,D,L,W,L,35
342,2025-05-03,Parma,Como 1907,0.0,1.0,A,0.0,0.0,D,40.0,44.0,53.0,48.0,16.0,18.0,20.0,16.0,32,42,D,W,W,W,D,W,D,W,D,D,35
343,2025-05-03,Lecce,Napoli,0.0,1.0,A,0.0,1.0,A,24.0,54.0,56.0,25.0,11.0,26.0,23.0,12.0,27,74,D,W,L,W,L,W,D,D,L,W,35
344,2025-05-03,Inter,Verona,1.0,0.0,H,1.0,0.0,H,72.0,30.0,33.0,62.0,35.0,12.0,16.0,38.0,71,32,L,L,L,L,W,D,D,D,W,D,35
345,2025-05-04,Empoli,Lazio,0.0,1.0,A,0.0,1.0,A,27.0,57.0,54.0,45.0,16.0,23.0,19.0,17.0,25,60,L,D,D,W,L,D,D,W,D,D,35
346,2025-05-04,Monza,Atalanta,0.0,4.0,A,0.0,2.0,A,25.0,67.0,59.0,31.0,14.0,33.0,28.0,16.0,15,65,L,D,L,W,L,W,L,L,L,L,35
347,2025-05-04,Roma,Fiorentina,1.0,0.0,H,1.0,0.0,H,49.0,53.0,32.0,34.0,18.0,34.0,15.0,17.0,60,59,W,W,W,W,D,D,D,D,W,W,35
348,2025-05-04,Bologna,Juventus,1.0,1.0,D,0.0,1.0,A,52.0,51.0,37.0,31.0,16.0,25.0,17.0,15.0,61,62,D,W,W,L,L,W,D,D,W,W,35
349,2025-05-05,Genoa,Milan,1.0,2.0,A,0.0,0.0,D,29.0,53.0,41.0,38.0,7.0,24.0,17.0,18.0,39,54,L,W,L,L,D,W,W,D,L,L,35
350,2025-05-09,Milan,Bologna,3.0,1.0,H,0.0,0.0,D,55.0,53.0,39.0,38.0,24.0,16.0,18.0,18.0,57,62,W,D,W,D,L,W,W,L,D,D,36
351,2025-05-10,Como 1907,Cagliari,3.0,1.0,H,2.0,1.0,H,45.0,36.0,48.0,51.0,18.0,12.0,16.0,22.0,45,33,W,L,W,W,W,L,W,L,W,D,36
352,2025-05-10,Lazio,Juventus,1.0,1.0,D,0.0,0.0,D,58.0,52.0,45.0,32.0,24.0,26.0,17.0,15.0,63,63,W,D,D,W,W,L,D,W,W,D,36
353,2025-05-10,Empoli,Parma,2.0,1.0,H,1.0,0.0,H,27.0,40.0,55.0,54.0,16.0,16.0,20.0,20.0,25,32,L,L,L,D,D,W,L,D,D,D,36
354,2025-05-11,Udinese,Monza,1.0,2.0,A,0.0,0.0,D,38.0,25.0,49.0,63.0,17.0,14.0,22.0,30.0,44,15,W,L,D,L,L,L,L,L,L,L,36
355,2025-05-11,Verona,Lecce,1.0,1.0,D,1.0,1.0,D,30.0,24.0,63.0,57.0,12.0,11.0,39.0,24.0,32,27,L,L,L,D,L,L,D,L,D,D,36
356,2025-05-11,Torino,Inter,0.0,2.0,A,0.0,1.0,A,39.0,73.0,40.0,33.0,15.0,36.0,19.0,16.0,44,74,D,W,L,L,W,L,L,W,D,D,36
357,2025-05-11,Napoli,Genoa,2.0,2.0,D,1.0,1.0,D,55.0,30.0,25.0,43.0,27.0,7.0,12.0,17.0,77,39,W,L,W,L,W,L,W,D,D,W,36
358,2025-05-12,Venezia FC,Fiorentina,2.0,1.0,H,0.0,0.0,D,28.0,53.0,49.0,35.0,13.0,34.0,18.0,18.0,26,59,D,L,L,W,D,W,W,D,D,D,36
359,2025-05-12,Atalanta,Roma,2.0,1.0,H,1.0,1.0,D,71.0,50.0,31.0,32.0,35.0,19.0,16.0,15.0,68,63,W,W,D,W,W,W,W,D,L,D,36
360,2025-05-17,Genoa,Atalanta,2.0,3.0,A,1.0,0.0,H,32.0,73.0,45.0,32.0,8.0,36.0,18.0,17.0,40,71,D,W,L,W,L,D,L,W,D,W,37
361,2025-05-18,Cagliari,Venezia FC,3.0,0.0,H,2.0,0.0,H,37.0,30.0,54.0,50.0,13.0,13.0,24.0,18.0,33,29,L,W,L,D,W,L,L,D,L,W,37
362,2025-05-18,Fiorentina,Bologna,3.0,2.0,H,1.0,0.0,H,54.0,54.0,37.0,41.0,34.0,16.0,18.0,18.0,59,62,L,L,L,D,W,D,W,W,D,L,37
363,2025-05-18,Verona,Como 1907,1.0,1.0,D,0.0,1.0,A,31.0,48.0,64.0,49.0,13.0,20.0,40.0,17.0,33,48,D,W,L,W,L,W,L,W,D,W,37
364,2025-05-18,Inter,Lazio,2.0,2.0,D,1.0,0.0,H,75.0,59.0,33.0,46.0,37.0,24.0,16.0,17.0,77,64,W,D,W,W,L,D,L,W,W,D,37
365,2025-05-18,Juventus,Udinese,2.0,0.0,H,0.0,0.0,D,53.0,39.0,33.0,51.0,26.0,17.0,15.0,22.0,64,44,D,L,D,W,W,D,L,L,W,L,37
366,2025-05-18,Lecce,Torino,1.0,0.0,H,0.0,0.0,D,25.0,39.0,58.0,42.0,12.0,15.0,25.0,20.0,28,44,D,L,L,D,D,L,L,W,L,L,37
367,2025-05-18,Monza,Empoli,1.0,3.0,A,1.0,0.0,H,27.0,29.0,64.0,56.0,14.0,17.0,30.0,20.0,18,28,W,W,L,L,L,L,L,D,L,L,37
368,2025-05-18,Parma,Napoli,0.0,0.0,D,0.0,0.0,D,41.0,57.0,56.0,27.0,16.0,28.0,21.0,13.0,32,78,L,D,L,W,D,W,W,W,D,W,37
369,2025-05-18,Roma,Milan,3.0,1.0,H,1.0,1.0,D,51.0,58.0,34.0,40.0,20.0,24.0,16.0,18.0,63,60,L,W,W,W,W,W,W,L,D,W,37
